Classifier,TrainMAE,ValidMAE,AvgPredictTime
DecisionTreeRegressor,8.46964077974e-16,0.137425022878,0.1861917
ExtraTreesRegressor,3.34280761525e-16,0.118336210259,1.2406995
AdaBoostRegressor,0.286253607113,0.286290802092,0.6138471
RandomForestRegressor,0.0485754317762,0.126793287737,1.1153137
Ridge,0.234291926431,0.234371875722,0.0618735
BayesianRidge,0.233553628069,0.233641849719,0.0614729
Lasso,0.283842175409,0.283865354025,0.0676938
LinearRegression,0.233477795526,0.233564820964,0.0620243